Workbook

Sheet 工作表1
A1: =[1]團隊投球成績!A1 -> 日期 | B1: =[1]團隊投球成績!B1 -> 賽事性質 | C1: =[1]團隊投球成績!C1 -> 編號 | D1: =[1]團隊投球成績!D1 -> 層級 | E1: =[1]團隊投球成績!E1 -> 對手 | F1: =[1]團隊投球成績!F1 -> 出賽球員 | G1: =[1]團隊投球成績!G1 -> 登板型態 | H1: =[1]團隊投球成績!H1 -> 局數 | ... U1: =[1]團隊投球成績!U1 -> 飛球
A2: 46104 | B2: =[1]團隊投球成績!B2 -> 春季聯賽 | C2: =[1]團隊投球成績!C2 -> 1 | D2: =[1]團隊投球成績!D2 -> 大學 | E2: =[1]團隊投球成績!E2 -> 北市大 | F2: =[1]團隊投球成績!F2 -> 李聖韓 | G2: =[1]團隊投球成績!G2 -> 先發 | H2: =[1]團隊投球成績!H2 -> 1.6666667 | I2: =[1]團隊投球成績!I2 -> 138 | ... U2: =[1]團隊投球成績!U2 -> 3
A3: 46104 | B3: =[1]團隊投球成績!B3 -> 春季聯賽 | C3: =[1]團隊投球成績!C3 -> 2 | D3: =[1]團隊投球成績!D3 -> 大學 | E3: =[1]團隊投球成績!E3 -> 北市大 | F3: =[1]團隊投球成績!F3 -> 李冠中 | G3: =[1]團隊投球成績!G3 -> 中繼 | H3: =[1]團隊投球成績!H3 -> 2.6666667 | I3: =[1]團隊投球成績!I3 -> 132 | ... U3: =[1]團隊投球成績!U3 -> 5
A4: 46104 | B4: =[1]團隊投球成績!B4 -> 春季聯賽 | C4: =[1]團隊投球成績!C4 -> 3 | D4: =[1]團隊投球成績!D4 -> 大學 | E4: =[1]團隊投球成績!E4 -> 北市大 | F4: =[1]團隊投球成績!F4 -> 葉一鋐 | G4: =[1]團隊投球成績!G4 -> 中繼 | H4: =[1]團隊投球成績!H4 -> 1 | I4: =[1]團隊投球成績!I4 -> 139 | ... U4: =[1]團隊投球成績!U4 -> 0
A5: 46104 | B5: =[1]團隊投球成績!B5 -> 春季聯賽 | C5: =[1]團隊投球成績!C5 -> 4 | D5: =[1]團隊投球成績!D5 -> 大學 | E5: =[1]團隊投球成績!E5 -> 北市大 | F5: =[1]團隊投球成績!F5 -> 李振綸 | G5: =[1]團隊投球成績!G5 -> 中繼 | H5: =[1]團隊投球成績!H5 -> 1.6666667 | I5: =[1]團隊投球成績!I5 -> 131 | ... U5: =[1]團隊投球成績!U5 -> 3
A6: 46104 | B6: =[1]團隊投球成績!B6 -> 春季聯賽 | C6: =[1]團隊投球成績!C6 -> 5 | D6: =[1]團隊投球成績!D6 -> 大學 | E6: =[1]團隊投球成績!E6 -> 北市大 | F6: =[1]團隊投球成績!F6 -> 林誠恩 | G6: =[1]團隊投球成績!G6 -> 後援 | H6: =[1]團隊投球成績!H6 -> 2 | I6: =[1]團隊投球成績!I6 -> 142 | ... U6: =[1]團隊投球成績!U6 -> 1
A7: 46105 | B7: =[1]團隊投球成績!B7 -> 春季聯賽 | C7: =[1]團隊投球成績!C7 -> 6 | D7: =[1]團隊投球成績!D7 -> 大學 | E7: =[1]團隊投球成績!E7 -> 高雄大學 | F7: =[1]團隊投球成績!F7 -> 許少捷 | G7: =[1]團隊投球成績!G7 -> 先發 | H7: =[1]團隊投球成績!H7 -> 3 | I7: =[1]團隊投球成績!I7 -> 143 | ... U7: =[1]團隊投球成績!U7 -> 0
A8: 46105 | B8: =[1]團隊投球成績!B8 -> 春季聯賽 | C8: =[1]團隊投球成績!C8 -> 7 | D8: =[1]團隊投球成績!D8 -> 大學 | E8: =[1]團隊投球成績!E8 -> 高雄大學 | F8: =[1]團隊投球成績!F8 -> 邱承葦 | G8: =[1]團隊投球成績!G8 -> 中繼 | H8: =[1]團隊投球成績!H8 -> 3 | I8: =[1]團隊投球成績!I8 -> 135 | ... U8: =[1]團隊投球成績!U8 -> 6
A9: 46105 | B9: =[1]團隊投球成績!B9 -> 春季聯賽 | C9: =[1]團隊投球成績!C9 -> 8 | D9: =[1]團隊投球成績!D9 -> 大學 | E9: =[1]團隊投球成績!E9 -> 高雄大學 | F9: =[1]團隊投球成績!F9 -> 王弘彥 | G9: =[1]團隊投球成績!G9 -> 後援 | H9: =[1]團隊投球成績!H9 -> 1 | I9: =[1]團隊投球成績!I9 -> 130 | ... U9: =[1]團隊投球成績!U9 -> 1
A10: 46106 | B10: =[1]團隊投球成績!B10 -> 春季聯賽 | C10: =[1]團隊投球成績!C10 -> 9 | D10: =[1]團隊投球成績!D10 -> 大學 | E10: =[1]團隊投球成績!E10 -> 明新科大 | F10: =[1]團隊投球成績!F10 -> 張甯翔 | G10: =[1]團隊投球成績!G10 -> 先發 | H10: =[1]團隊投球成績!H10 -> 5 | I10: =[1]團隊投球成績!I10 -> 134 | ... U10: =[1]團隊投球成績!U10 -> 4
A11: 46106 | B11: =[1]團隊投球成績!B11 -> 春季聯賽 | C11: =[1]團隊投球成績!C11 -> 10 | D11: =[1]團隊投球成績!D11 -> 大學 | E11: =[1]團隊投球成績!E11 -> 明新科大 | F11: =[1]團隊投球成績!F11 -> 林承恩 | G11: =[1]團隊投球成績!G11 -> 中繼 | H11: =[1]團隊投球成績!H11 -> 2 | I11: =[1]團隊投球成績!I11 -> 143 | ... U11: =[1]團隊投球成績!U11 -> 2
A12: 46107 | B12: =[1]團隊投球成績!B12 -> 春季聯賽 | C12: =[1]團隊投球成績!C12 -> 11 | D12: =[1]團隊投球成績!D12 -> 大學 | E12: =[1]團隊投球成績!E12 -> 長榮大學 | F12: =[1]團隊投球成績!F12 -> 陳培安 | G12: =[1]團隊投球成績!G12 -> 先發 | H12: =[1]團隊投球成績!H12 -> 4.3333333 | I12: =[1]團隊投球成績!I12 -> 134 | ... U12: =[1]團隊投球成績!U12 -> 1
A13: 46107 | B13: =[1]團隊投球成績!B13 -> 春季聯賽 | C13: =[1]團隊投球成績!C13 -> 12 | D13: =[1]團隊投球成績!D13 -> 大學 | E13: =[1]團隊投球成績!E13 -> 長榮大學 | F13: =[1]團隊投球成績!F13 -> 王弘彥 | G13: =[1]團隊投球成績!G13 -> 中繼 | H13: =[1]團隊投球成績!H13 -> 1.3333333 | I13: =[1]團隊投球成績!I13 -> 132 | ... U13: =[1]團隊投球成績!U13 -> 0
... A31: 46129 | B31: =[1]團隊投球成績!B31 -> 春季聯賽 | C31: =[1]團隊投球成績!C31 -> 30 | D31: =[1]團隊投球成績!D31 -> 大學 | E31: =[1]團隊投球成績!E31 -> 台鋼科大 | F31: =[1]團隊投球成績!F31 -> 林承恩 | G31: =[1]團隊投球成績!G31 -> 後援 | H31: =[1]團隊投球成績!H31 -> 3.3333333 | I31: =[1]團隊投球成績!I31 -> 140 | ... U31: =[1]團隊投球成績!U31 -> 2
